DELETE FROM PACIENTES;
DELETE FROM EDUCACION_DOCTOR;
DELETE FROM INSTITUCIONES_EDUCATIVAS;
DELETE FROM MEDIA;
DELETE FROM ROLES_USUARIOS;
DELETE FROM DOCTORES;
DELETE FROM USUARIOS;
DELETE FROM ROLES;
DELETE FROM CAT_TIPO_EDUCACION;
DELETE FROM CAT_ESTATUS;
DELETE FROM CAT_PAIS;
DELETE FROM CAT_IDIOMA;

INSERT INTO CAT_ESTATUS(ID_ESTATUS,DESCRIPCION) VALUES (1 ,'MED_REGISTRADO');
INSERT INTO CAT_ESTATUS(ID_ESTATUS,DESCRIPCION) VALUES (2 ,'MED_DATOS_COMPLETOS');
INSERT INTO CAT_ESTATUS(ID_ESTATUS,DESCRIPCION) VALUES (3 ,'MED_VERIFICADO');
INSERT INTO CAT_ESTATUS(ID_ESTATUS,DESCRIPCION) VALUES (4 ,'MED_SUSPENDIDO');
INSERT INTO CAT_ESTATUS(ID_ESTATUS,DESCRIPCION) VALUES (5 ,'MED_DESACTIVADO');

INSERT INTO CAT_ESTATUS(ID_ESTATUS,DESCRIPCION) VALUES (6 ,'PAC_REGISTRADO');
INSERT INTO CAT_ESTATUS(ID_ESTATUS,DESCRIPCION) VALUES (7 ,'PAC_DATOS_COMPLETOS');
INSERT INTO CAT_ESTATUS(ID_ESTATUS,DESCRIPCION) VALUES (8 ,'PAC_VERIFICADO');
INSERT INTO CAT_ESTATUS(ID_ESTATUS,DESCRIPCION) VALUES (9 ,'PAC_SUSPENDIDO');
INSERT INTO CAT_ESTATUS(ID_ESTATUS,DESCRIPCION) VALUES (10,'PAC_DESACTIVADO');

INSERT INTO ROLES(ROL) VALUES('USUARIO_SMARTDOC'     );
INSERT INTO ROLES(ROL) VALUES('MEDICO'               );
INSERT INTO ROLES(ROL) VALUES('PACIENTE'             );
INSERT INTO ROLES(ROL) VALUES('ASISTENTE_DOCTOR'     );
INSERT INTO ROLES(ROL) VALUES('ADMINISTRADOR_CONSULT');
INSERT INTO ROLES(ROL) VALUES('ADMINISTRADOR_PORTAL' );
INSERT INTO ROLES(ROL) VALUES('ROOT'                 );

INSERT INTO CAT_TIPO_EDUCACION(ID_TIPO_EDUCACION,DESCRIPCION) VALUES(1  ,'MEDIA_SUPERIOR'   );
INSERT INTO CAT_TIPO_EDUCACION(ID_TIPO_EDUCACION,DESCRIPCION) VALUES(2  ,'TECNICO_SUPERIOR' );
INSERT INTO CAT_TIPO_EDUCACION(ID_TIPO_EDUCACION,DESCRIPCION) VALUES(3  ,'SUPERIOR'         );
INSERT INTO CAT_TIPO_EDUCACION(ID_TIPO_EDUCACION,DESCRIPCION) VALUES(4  ,'POSGRADO'         );
INSERT INTO CAT_TIPO_EDUCACION(ID_TIPO_EDUCACION,DESCRIPCION) VALUES(5  ,'DIPLOMADO'        );
INSERT INTO CAT_TIPO_EDUCACION(ID_TIPO_EDUCACION,DESCRIPCION) VALUES(6  ,'ESTANCIA'         );
INSERT INTO CAT_TIPO_EDUCACION(ID_TIPO_EDUCACION,DESCRIPCION) VALUES(7  ,'INTERCAMBIO'      );
INSERT INTO CAT_TIPO_EDUCACION(ID_TIPO_EDUCACION,DESCRIPCION) VALUES(8  ,'INTERINATO'       );

INSERT INTO CAT_PAIS(CVE_PAIS,NOMBRE_ES,NOMBRE_EN,CODIGO_TEL) VALUES ('mx','MÉXICO','MEXICO','52');

INSERT INTO CAT_IDIOMA (CVE_IDIOMA,NOMBRE_ES,NOMBRE_EN)       VALUES ('es','ESPAÑOL','SPANISH');

INSERT INTO MEDIA(ID_MEDIA, NOMBRE           , MIME_TYPE   , URL                                                 ,FECHA_CREACION     ,CREADO_POR,FECHA_MODIFICACION,MODIFICADO_POR)
           VALUES(1       , 'ICONO_UNAM'     , 'image/png' ,'https://www.unam.mx/sites/all/themes/unam/logo.png' ,CURRENT_TIMESTAMP ,0         ,NULL              ,NULL          );
INSERT INTO INSTITUCIONES_EDUCATIVAS(ID_INSTITUCION,CVE_PAIS,ID_MEDIA_ICONO,NOMBRE   ,URL_PORTAL            ,FECHA_CREACION     ,CREADO_POR,FECHA_MODIFICACION,MODIFICADO_POR) 
                              VALUES(1             ,'mx'    ,1             ,'UNIVERSIDAD AUTÓNOMA DE MÉXICO (UNAM)'             ,'http://www.unam.mx'  ,CURRENT_TIMESTAMP ,0         ,NULL              ,NULL          );

INSERT INTO MEDIA(ID_MEDIA, NOMBRE           , MIME_TYPE   , URL                                                 ,FECHA_CREACION     ,CREADO_POR,FECHA_MODIFICACION,MODIFICADO_POR)
           VALUES(2       , 'ICONO_IPN'      , 'image/jpg' ,'http://www.ipn.mx/CCS/Identidad/PublishingImages/Identidad/LOGO-POLIGUINDA-PANTONE222.jpg' ,CURRENT_TIMESTAMP ,0         ,NULL              ,NULL          );
INSERT INTO INSTITUCIONES_EDUCATIVAS(ID_INSTITUCION,CVE_PAIS,ID_MEDIA_ICONO,NOMBRE   ,URL_PORTAL            ,FECHA_CREACION     ,CREADO_POR,FECHA_MODIFICACION,MODIFICADO_POR) 
                              VALUES(2             ,'mx'    ,2             ,'INSTITUTO POLITÉCNICO NACIONAL (IPN)'              ,'http://www.ipn.mx'   ,CURRENT_TIMESTAMP ,0         ,NULL              ,NULL          );

INSERT INTO INSTITUCIONES_EDUCATIVAS(ID_INSTITUCION,CVE_PAIS,ID_MEDIA_ICONO,NOMBRE   ,URL_PORTAL            ,FECHA_CREACION     ,CREADO_POR,FECHA_MODIFICACION,MODIFICADO_POR) 
                              VALUES(3             ,'mx'    ,NULL          ,'UNIVERSIDAD AUTÓNOMA DE NUEVO LEÓN (UANL)'         ,'http://www.uanl.mx'  ,CURRENT_TIMESTAMP ,0         ,NULL              ,NULL          );
INSERT INTO INSTITUCIONES_EDUCATIVAS(ID_INSTITUCION,CVE_PAIS,ID_MEDIA_ICONO,NOMBRE   ,URL_PORTAL            ,FECHA_CREACION     ,CREADO_POR,FECHA_MODIFICACION,MODIFICADO_POR) 
                              VALUES(4             ,'mx'    ,NULL          ,'UNIVERSIDAD DE GUADALAJARA (UDG)'                  ,'http://www.udg.mx'  ,CURRENT_TIMESTAMP ,0         ,NULL              ,NULL          );
INSERT INTO INSTITUCIONES_EDUCATIVAS(ID_INSTITUCION,CVE_PAIS,ID_MEDIA_ICONO,NOMBRE   ,URL_PORTAL            ,FECHA_CREACION     ,CREADO_POR,FECHA_MODIFICACION,MODIFICADO_POR) 
                              VALUES(5             ,'mx'    ,NULL          ,'UNIVERSIDAD AUTÓNOMA DE SAN LUIS POTOSÍ (UASLP)'   ,'http://www.uaslp.mx'  ,CURRENT_TIMESTAMP ,0         ,NULL              ,NULL          );
INSERT INTO INSTITUCIONES_EDUCATIVAS(ID_INSTITUCION,CVE_PAIS,ID_MEDIA_ICONO,NOMBRE   ,URL_PORTAL            ,FECHA_CREACION     ,CREADO_POR,FECHA_MODIFICACION,MODIFICADO_POR) 
                              VALUES(6             ,'mx'    ,NULL          ,'UNIVERSIDAD TECNOLÓGICA DE MÉXICO (UNITEC)'        ,'http://www.unitec.edu.mx'  ,CURRENT_TIMESTAMP ,0         ,NULL              ,NULL          );
INSERT INTO INSTITUCIONES_EDUCATIVAS(ID_INSTITUCION,CVE_PAIS,ID_MEDIA_ICONO,NOMBRE   ,URL_PORTAL            ,FECHA_CREACION     ,CREADO_POR,FECHA_MODIFICACION,MODIFICADO_POR) 
                              VALUES(7             ,'mx'    ,NULL          ,'UNIVERSIDAD IBEROAMERICANA (IBERO)'        ,'http://www.unitec.edu.mx'  ,CURRENT_TIMESTAMP ,0         ,NULL              ,NULL          );
INSERT INTO INSTITUCIONES_EDUCATIVAS(ID_INSTITUCION,CVE_PAIS,ID_MEDIA_ICONO,NOMBRE   ,URL_PORTAL            ,FECHA_CREACION     ,CREADO_POR,FECHA_MODIFICACION,MODIFICADO_POR) 
                              VALUES(8             ,'mx'    ,NULL          ,'INSTITUTO TECNOLÓGICO Y DE ESTUDIOS SUPERIORES DE MONTERREY (ITESM)','http://www.itesm.mx'  ,CURRENT_TIMESTAMP ,0         ,NULL              ,NULL          );							  
INSERT INTO INSTITUCIONES_EDUCATIVAS(ID_INSTITUCION,CVE_PAIS,ID_MEDIA_ICONO,NOMBRE   ,URL_PORTAL            ,FECHA_CREACION     ,CREADO_POR,FECHA_MODIFICACION,MODIFICADO_POR) 
                              VALUES(9             ,'mx'    ,NULL          ,'UNIVERSIDAD JUSTO SIERRA (UJS)'                    ,'http://www.universidad-justosierra.edu.mx'  ,CURRENT_TIMESTAMP ,0         ,NULL              ,NULL          );							  
INSERT INTO INSTITUCIONES_EDUCATIVAS(ID_INSTITUCION,CVE_PAIS,ID_MEDIA_ICONO,NOMBRE   ,URL_PORTAL            ,FECHA_CREACION     ,CREADO_POR,FECHA_MODIFICACION,MODIFICADO_POR) 
                              VALUES(10            ,'mx'    ,NULL          ,'UNIVERSIDAD DE QUINTANA ROO (UQROO)'               ,'http://www.uqroo.mx/'  ,CURRENT_TIMESTAMP ,0         ,NULL              ,NULL          );							  

INSERT INTO USUARIOS(ID_USUARIO,EMAIL_USUARIO              ,PASSWORD                          ,NOMBRES    ,APELLIDO_PATERNO   ,APELLIDO_MATERNO,CVE_PAIS_NATAL  ,FECHA_CREACION     ,CREADO_POR ,FECHA_MODIFICACION ,MODIFICADO_POR) 
              VALUES(1,        'smartdoc@smartdoc.com'     ,'ef6299c9e7fdae6d775819ce1e2620b8','SMARTDOC' ,'SYSTEM'           ,'ENGINE'        ,'mx'            ,CURRENT_TIMESTAMP  ,0          ,NULL               ,NULL          );

INSERT INTO ROLES_USUARIOS(EMAIL_USUARIO,ROL)  VALUES('smartdoc@smartdoc.com','USUARIO_SMARTDOC'         );
INSERT INTO ROLES_USUARIOS(EMAIL_USUARIO,ROL)  VALUES('smartdoc@smartdoc.com','ADMINISTRADOR_PORTAL'     );
INSERT INTO ROLES_USUARIOS(EMAIL_USUARIO,ROL)  VALUES('smartdoc@smartdoc.com','ROOT'                     );

INSERT INTO USUARIOS(ID_USUARIO,EMAIL_USUARIO               ,PASSWORD                           ,NOMBRES       ,APELLIDO_PATERNO    ,APELLIDO_MATERNO ,CVE_PAIS_NATAL,CVE_PAIS_RESIDENCIA,FECHA_CREACION,CREADO_POR,FECHA_MODIFICACION,MODIFICADO_POR) 
              VALUES(2,        'alfredo.estrada@gonet.us'   ,'ef6299c9e7fdae6d775819ce1e2620b8' ,'ALFREDO'     ,'ESTRADA'           ,'GONZÁLEZ'       ,'mx'          ,'mx'               ,CURRENT_TIMESTAMP,1,NULL,NULL);

INSERT INTO ROLES_USUARIOS(EMAIL_USUARIO,ROL)  VALUES('alfredo.estrada@gonet.us','USUARIO_SMARTDOC'     );
INSERT INTO ROLES_USUARIOS(EMAIL_USUARIO,ROL)  VALUES('alfredo.estrada@gonet.us','ADMINISTRADOR_PORTAL' );
INSERT INTO ROLES_USUARIOS(EMAIL_USUARIO,ROL)  VALUES('alfredo.estrada@gonet.us','ROOT'                 );

INSERT INTO USUARIOS(ID_USUARIO,EMAIL_USUARIO,PASSWORD,NOMBRES,APELLIDO_PATERNO,APELLIDO_MATERNO,CVE_PAIS_NATAL,CVE_PAIS_RESIDENCIA,FECHA_CREACION,CREADO_POR,FECHA_MODIFICACION,MODIFICADO_POR) 
              VALUES(3,'mjs@gonet.us'                 ,'ef6299c9e7fdae6d775819ce1e2620b8','MARIO JOSE'   ,'SALIDIVAR','','mx','mx',CURRENT_TIMESTAMP,1,NULL,NULL);
INSERT INTO ROLES_USUARIOS(EMAIL_USUARIO,ROL)  VALUES('mjs@gonet.us','USUARIO_SMARTDOC');

INSERT INTO USUARIOS(ID_USUARIO,EMAIL_USUARIO,PASSWORD,NOMBRES,APELLIDO_PATERNO,APELLIDO_MATERNO,CVE_PAIS_NATAL,CVE_PAIS_RESIDENCIA,FECHA_CREACION,CREADO_POR,FECHA_MODIFICACION,MODIFICADO_POR) 
              VALUES(4,'ezequiel.velazquez@gonet.us'  ,'ef6299c9e7fdae6d775819ce1e2620b8','EZEQUIEL','VELAZQUEZ','YAÑEZ'    ,'mx','mx',CURRENT_TIMESTAMP,1,NULL,NULL);
INSERT INTO ROLES_USUARIOS(EMAIL_USUARIO,ROL)  VALUES('ezequiel.velazquez@gonet.us','USUARIO_SMARTDOC');

INSERT INTO USUARIOS(ID_USUARIO,EMAIL_USUARIO,PASSWORD,NOMBRES,APELLIDO_PATERNO,APELLIDO_MATERNO,CVE_PAIS_NATAL,CVE_PAIS_RESIDENCIA,FECHA_CREACION,CREADO_POR,FECHA_MODIFICACION,MODIFICADO_POR) 
              VALUES(5,'jorge.pilo@gonet.us'          ,'ef6299c9e7fdae6d775819ce1e2620b8','JORGE'   ,'PILO','TORRES'   ,'mx','mx',CURRENT_TIMESTAMP,1,NULL,NULL);
INSERT INTO ROLES_USUARIOS(EMAIL_USUARIO,ROL)  VALUES('jorge.pilo@gonet.us','USUARIO_SMARTDOC');


-- ================ MEDICO GENERAL : JUAN LOPEZ FLORES
INSERT INTO USUARIOS(ID_USUARIO,EMAIL_USUARIO              ,PASSWORD                          ,NOMBRES    ,APELLIDO_PATERNO   ,APELLIDO_MATERNO,CVE_PAIS_NATAL  ,CVE_PAIS_RESIDENCIA,FECHA_CREACION     ,CREADO_POR ,FECHA_MODIFICACION ,MODIFICADO_POR) 
              VALUES(10,        'juanlopez@gmail.com'     ,'ef6299c9e7fdae6d775819ce1e2620b8','JUAN'      ,'LOPEZ'            ,'FLORES'        ,'mx'            ,'mx'               ,CURRENT_TIMESTAMP  ,0          ,NULL               ,NULL          );
INSERT INTO ROLES_USUARIOS(EMAIL_USUARIO,ROL)  VALUES('juanlopez@gmail.com','USUARIO_SMARTDOC'     );
INSERT INTO ROLES_USUARIOS(EMAIL_USUARIO,ROL)  VALUES('juanlopez@gmail.com','MEDICO'               );
			  
INSERT INTO DOCTORES(ID_DOCTOR, ID_USUARIO, INTRODUCCION         ,ID_ESTATUS,FECHA_CREACION,CREADO_POR,FECHA_MODIFICACION,MODIFICADO_POR)
              VALUES(1        ,10         ,'...MEDICO DE PRUEBA' ,3         ,CURRENT_TIMESTAMP,1,NULL,NULL);
INSERT INTO EDUCACION_DOCTOR(ID_EDUCACION,ID_DOCTOR,ID_INSTITUCION,ID_TIPO_EDUCACION,NUMERO_DOCUMENTO,FECHA_INICIO,FECHA_FIN   ,VERIFICADA,FECHA_CREACION,CREADO_POR,FECHA_MODIFICACION,MODIFICADO_POR)
                      VALUES(1           ,1        ,1             ,1                ,'123234234'     ,'1980/09/01','1986/07/20',1         ,CURRENT_TIMESTAMP,1,NULL,NULL);

-- ================ PROSPECTO PACIENTE : ANTONIO LOPEZ FLORES
INSERT INTO USUARIOS(ID_USUARIO,EMAIL_USUARIO              ,PASSWORD                          ,NOMBRES    ,APELLIDO_PATERNO   ,APELLIDO_MATERNO,CVE_PAIS_NATAL  ,CVE_PAIS_RESIDENCIA,FECHA_CREACION     ,CREADO_POR ,FECHA_MODIFICACION ,MODIFICADO_POR) 
              VALUES(11,        'alopez5@gmail.com'        ,'ef6299c9e7fdae6d775819ce1e2620b8','ANTONIO'   ,'LOPEZ'            ,'FLORES'        ,'mx'           ,'mx',CURRENT_TIMESTAMP  ,0          ,NULL               ,NULL          );
INSERT INTO ROLES_USUARIOS(EMAIL_USUARIO,ROL)  VALUES('alopez5@gmail.com','USUARIO_SMARTDOC'     );
INSERT INTO ROLES_USUARIOS(EMAIL_USUARIO,ROL)  VALUES('alopez5@gmail.com','PACIENTE'             );
INSERT INTO PACIENTES (ID_PACIENTE,ID_USUARIO,ID_ESTATUS) VALUES(1,11,7);
-- ================ PROSPECTO PACIENTE : SANDRA LOPEZ BONILLA
INSERT INTO USUARIOS(ID_USUARIO,EMAIL_USUARIO              ,PASSWORD                          ,NOMBRES    ,APELLIDO_PATERNO   ,APELLIDO_MATERNO,CVE_PAIS_NATAL  ,FECHA_CREACION     ,CREADO_POR ,FECHA_MODIFICACION ,MODIFICADO_POR) 
              VALUES(12,        'sanlobonilla@gmail.com'   ,'ef6299c9e7fdae6d775819ce1e2620b8','SANDRA'   ,'LOPEZ'            ,'BONILLA'        ,'mx'              ,CURRENT_TIMESTAMP  ,0          ,NULL               ,NULL          );
INSERT INTO ROLES_USUARIOS(EMAIL_USUARIO,ROL)  VALUES('sanlobonilla@gmail.com','USUARIO_SMARTDOC'     );
INSERT INTO ROLES_USUARIOS(EMAIL_USUARIO,ROL)  VALUES('sanlobonilla@gmail.com','PACIENTE'             );
INSERT INTO PACIENTES (ID_PACIENTE,ID_USUARIO,ID_ESTATUS) VALUES(2,12,7);
-- ================ PROSPECTO PACIENTE : EDUARDO LOPEZ CARMONA
INSERT INTO USUARIOS(ID_USUARIO,EMAIL_USUARIO              ,PASSWORD                          ,NOMBRES    ,APELLIDO_PATERNO   ,APELLIDO_MATERNO,CVE_PAIS_NATAL  ,FECHA_CREACION     ,CREADO_POR ,FECHA_MODIFICACION ,MODIFICADO_POR) 
              VALUES(13,        'edlocarm79@gmail.com'     ,'ef6299c9e7fdae6d775819ce1e2620b8','EDUARDO'   ,'LOPEZ'            ,'CARMONA'        ,'mx'          ,CURRENT_TIMESTAMP  ,0          ,NULL               ,NULL          );
INSERT INTO ROLES_USUARIOS(EMAIL_USUARIO,ROL)  VALUES('edlocarm79@gmail.com','USUARIO_SMARTDOC'     );
INSERT INTO ROLES_USUARIOS(EMAIL_USUARIO,ROL)  VALUES('edlocarm79@gmail.com','PACIENTE'             );
INSERT INTO PACIENTES (ID_PACIENTE,ID_USUARIO,ID_ESTATUS) VALUES(3,13,8);

-- ===================================================================================

SELECT U.ID_USUARIO,U.EMAIL_USUARIO,U.NOMBRES,U.APELLIDO_PATERNO,U.APELLIDO_MATERNO,P.NOMBRE_ES,U.TELEFONO_MOVIL, U.FECHA_NACIMIENTO,U.GENERO
FROM   USUARIOS U LEFT JOIN CAT_PAIS P ON U.CVE_PAIS_NATAL=P.CVE_PAIS;
